Palette Name,Platform,Primary,Secondary,Tertiary,Surface,On-Surface,Error,Dynamic Color Support
Material 3 Default,Android,#6750A4,#625B71,#7D5260,#FEF7FF,#1D1B20,#B3261E,Yes - from wallpaper
iOS System Blue,iOS,#007AFF,#5856D6,#FF9500,#FFFFFF,#000000,#FF3B30,Yes - system accent
iOS System Green,iOS,#34C759,#30D158,#FFD60A,#FFFFFF,#000000,#FF3B30,Yes - system accent
Dark OLED,Cross-platform,#BB86FC,#03DAC6,#CF6679,#121212,#FFFFFF,#CF6679,Manual - accent only
Health Wellness,Cross-platform,#4CAF50,#81C784,#A5D6A7,#F5F5F5,#212121,#F44336,Partial
Fintech Trust,Cross-platform,#1A73E8,#4285F4,#34A853,#FAFAFA,#202124,#EA4335,Yes
E-commerce,Cross-platform,#FF6B00,#FFC107,#00BCD4,#FFFFFF,#212121,#F44336,Partial
Social Media,Cross-platform,#1877F2,#42B72A,#F02849,#FFFFFF,#1C1E21,#FF0000,Yes
Gaming Dark,Cross-platform,#00FF00,#FF00FF,#00FFFF,#0D0D0D,#FFFFFF,#FF0000,Manual
Entertainment,Cross-platform,#E50914,#221F1F,#F5F5F1,#141414,#FFFFFF,#E50914,Manual
Productivity,Cross-platform,#4285F4,#34A853,#FBBC05,#FFFFFF,#202124,#EA4335,Yes
iOS Tinted Glass Light,iOS,#007AFF,#5856D6,#FF9500,#F2F2F7,#000000,#FF3B30,Liquid Glass adaptive
iOS Tinted Glass Dark,iOS,#0A84FF,#5E5CE6,#FF9F0A,#1C1C1E,#FFFFFF,#FF453A,Liquid Glass adaptive
Material 3 Blue,Android,#0061A4,#535F70,#6B5778,#FDFCFF,#1A1C1E,#BA1A1A,Yes - tonal
Material 3 Green,Android,#006D3B,#4A6356,#5D5F5B,#FCFDF7,#1A1C19,#BA1A1A,Yes - tonal
Material 3 Orange,Android,#8B5000,#6F5D43,#5B5F5F,#FFFBFF,#1F1B16,#BA1A1A,Yes - tonal
Neutral Minimal,Cross-platform,#333333,#666666,#999999,#FAFAFA,#1A1A1A,#D32F2F,No - static
High Contrast A11y,Cross-platform,#000000,#0000EE,#551A8B,#FFFFFF,#000000,#FF0000,No - fixed for a11y
Material 3 Red,Android,#904A4A,#6F5D5D,#5A5F5D,#FFFBFF,#201A1A,#BA1A1A,Yes - tonal
Material 3 Purple,Android,#6750A4,#625B71,#7D5260,#FEF7FF,#1D1B20,#B3261E,Yes - tonal
Material 3 Teal,Android,#006A6A,#4A6363,#5B5F5C,#FAFDFC,#191C1C,#BA1A1A,Yes - tonal
iOS Indigo,iOS,#5856D6,#AF52DE,#FF2D55,#F2F2F7,#000000,#FF3B30,System accent
iOS Pink,iOS,#FF2D55,#FF9500,#FFD60A,#F2F2F7,#000000,#FF3B30,System accent
iOS Cyan,iOS,#32ADE6,#00C7BE,#30D158,#F2F2F7,#000000,#FF3B30,System accent
iOS Mint,iOS,#00C7BE,#30D158,#34C759,#F2F2F7,#000000,#FF3B30,System accent
Travel Booking,Cross-platform,#003580,#FFC700,#00A2E8,#FFFFFF,#1A1A1A,#CC0000,Partial
Food Delivery,Cross-platform,#FF5A00,#FFB800,#00C853,#FFFFFF,#212121,#D32F2F,Partial
Ride Sharing,Cross-platform,#000000,#276EF1,#09AA5C,#FFFFFF,#000000,#F44336,Yes
Music Streaming,Cross-platform,#1DB954,#191414,#FFFFFF,#121212,#FFFFFF,#FF0000,Manual
Video Streaming,Cross-platform,#E50914,#B81D24,#221F1F,#141414,#FFFFFF,#E50914,Manual
News Media,Cross-platform,#121212,#333333,#BB0000,#FAFAFA,#121212,#CC0000,Partial
Education,Cross-platform,#2196F3,#4CAF50,#FFC107,#FFFFFF,#212121,#F44336,Yes
Kids Friendly,Cross-platform,#FF6B6B,#4ECDC4,#FFE66D,#FFFFFF,#2C3E50,#E74C3C,Manual
Nature Eco,Cross-platform,#2E7D32,#66BB6A,#A5D6A7,#E8F5E9,#1B5E20,#C62828,Partial
Ocean Marine,Cross-platform,#0077B6,#00B4D8,#90E0EF,#F0F8FF,#023E8A,#D00000,Partial
Sunset Warm,Cross-platform,#FF6B35,#F7931E,#FFB347,#FFF8F0,#2D2D2D,#CC0000,Manual
Night Dark,Cross-platform,#2C3E50,#34495E,#7F8C8D,#1A1A2E,#FFFFFF,#E74C3C,Manual
Pastel Soft,Cross-platform,#A8DADC,#457B9D,#F4A261,#F1FAEE,#1D3557,#E63946,Manual
Monochrome Gray,Cross-platform,#424242,#757575,#BDBDBD,#FAFAFA,#212121,#B71C1C,No - static
Black White Only,Cross-platform,#000000,#000000,#000000,#FFFFFF,#000000,#CC0000,No - static
Samsung One UI,Android,#0381FE,#7F39FB,#FF7B9C,#FFFFFF,#252525,#FF6464,Samsung palette
Xiaomi MIUI,Android,#FF6900,#00C4FF,#02D42C,#FFFFFF,#1C1C1C,#FF3B30,MIUI themes
Huawei HarmonyOS,Android,#CE0E2D,#0052D9,#FFB100,#FFFFFF,#000000,#FF3B30,HarmonyOS themes
Flutter Default,Flutter,#6200EE,#03DAC6,#BB86FC,#FFFFFF,#000000,#B00020,ThemeData
React Native Paper,React Native,#6200EE,#03DAC5,#B00020,#FFFFFF,#000000,#B00020,Provider themes
Accessible Blue,Cross-platform,#0056B3,#084298,#0A58CA,#FFFFFF,#000000,#DC3545,WCAG AAA
Accessible Green,Cross-platform,#146C43,#0A3622,#198754,#FFFFFF,#000000,#DC3545,WCAG AAA
Accessible Orange,Cross-platform,#CC5200,#7A3100,#FD7E14,#FFFFFF,#000000,#DC3545,WCAG AAA
Colorblind Safe,Cross-platform,#0077BB,#EE7733,#009988,#FFFFFF,#000000,#CC3311,Colorblind optimized
Low Vision,Cross-platform,#000000,#FFFF00,#00FFFF,#FFFFFF,#000000,#FF0000,High contrast
